{"cameraMode":{"drawMode":0,"name":"Shaded","section":"Shading Mode"},"sceneLighting":false,"audioPlay":false,"sceneViewState":{"m_AlwaysRefresh":false,"showFog":true,"showSkybox":false,"showFlares":true,"showImageEffects":true,"showParticleSystems":true,"showVisualEffectGraphs":true,"m_FxEnabled":true},"in2DMode":false,"pivot":{"x":0.10515996813774109,"y":2.519767999649048,"z":2.734433650970459},"rotation":{"x":0.0014301257906481624,"y":-0.9589378833770752,"z":0.28407010436058047,"w":0.0036219917237758638},"size":2.250000238418579,"orthographic":false}