{"cameraMode":{"drawMode":0,"name":"Shaded","section":"Shading Mode"},"sceneLighting":false,"audioPlay":false,"sceneViewState":{"m_AlwaysRefresh":false,"showFog":true,"showSkybox":false,"showFlares":true,"showImageEffects":true,"showParticleSystems":true,"showVisualEffectGraphs":true,"m_FxEnabled":true},"in2DMode":false,"pivot":{"x":-0.1916646957397461,"y":2.513075590133667,"z":3.6015076637268068},"rotation":{"x":0.020790772512555124,"y":-0.9773987531661987,"z":0.17932838201522828,"w":0.11122553795576096},"size":1.1660254001617432,"orthographic":false}