{"cameraMode":{"drawMode":0,"name":"Shaded","section":"Shading Mode"},"sceneLighting":true,"audioPlay":false,"sceneViewState":{"m_AlwaysRefresh":false,"showFog":true,"showSkybox":true,"showFlares":true,"showImageEffects":true,"showParticleSystems":true,"showVisualEffectGraphs":true,"m_FxEnabled":true},"in2DMode":false,"pivot":{"x":-1.1738611459732056,"y":1.024662971496582,"z":1.9655275344848633},"rotation":{"x":0.09375711530447006,"y":-0.6790217757225037,"z":0.08808299154043198,"w":0.7227635383605957},"size":15.378947257995606,"orthographic":false}